A Banda	171
A estrada da montanha	172
A minha alma tem sede do Deus vivo	17
A Pedra	18
A procissão	173
A treze de Maio	19
A Tua Vinda	174
Abandonei	175
Aconteceu	176
Adeste, fidelis	21
Adoro te devote	22
Agnus Dei	24
Ah! vinde todos	24
Al comando dei nostri ufficiali	245
Al mattino	246
Alegrem-se os Céus e a Terra	177
All my trials	345
All night, all day	346
Alma redemptoris	25
Altissima luce	25
Amare ancora	246
Andança	178
Angel dal ciel disceso	26
Anime affaticate et sitibonde	27
Anunciação	179
Ao romper da bela aurora	179
Apparirà	247
Argento	248
Aria di neve	250
As Mondadeiras	180
Attende Domine	28
Avé Maria	31
Avé Maria Cheia de Graça	32
Avé Maria, estrela da manhã	33
Ave Maria, gratia plena	34
Avé Maria, luz clara da manhã	34
Ave Regina coelorum	37
Ave verum	37
Ave, generosa	29
Ave, maris stella	35
Ave, o Vergjine	36
Awake my soul	346
Away in a manger	348
Balada de Caridade	181
Ballata dell' amore vero	252
Ballata dell'uomo vecchio	253
Barco Negro	182
Bendita e louvada seja	38
Bendito sejas Senhor	39
Bendizemos o Teu nome	40
Benedetto sia lo giorno	41
Both sides of the tweed	349
Caminharei	183
Camminerò	254
Canção da romã	184
Canção de Maria Clara	185
Cantai ao Senhor um hino novo	42
Cântico de Zacarias	43
Cantiga do alecrim	183
Canzone degli occhi e del cuore	255
Canzone dell'ideale	256
Canzone di San Giuseppe	258
Carbonero	319
Ceifeira	186
Chant de Pénitence	413
Che siano una sola cosa	260
Cheira a Lisboa	187
Christe cunctorum	44
Christus vincit	47
Cielito lindo	320
Climbin' up the mountains	351
Cockles and mussels	352
Colours	353
Come and go with me	354
Come, my way, my truth, my life	356
Comei do pão	47
Como busca el tierno Infante	320
Como é grande	48
Compadre já te casaste?	188
Confine	261
Country roads	357
Credo	49
Cremos em Vós	51
Crux Fidelis	52
Cuando de mi Patrona	321
D'amor pane dolcissimo	59
Dai-nos um coração	54
Dá-me uma pinguinha d'água	190
Descei Espírito Criador	55
Destinos que Deus nos deu	189
Deus fez-nos um só povo	56
Di più	262
Discendi, Santo Spirito	57
Dispiasi' d'noi autri povri alpin	263
Do fundo do Abismo	58
Down in the River to Pray	358
Dulcis Christe	58
É cantando	191
E col cifolo del vapore	265
É nossa oferta	60
E verrà	266
E virá	191
Early in the morning	360
Egli è il tuo bon Jesù	60
El Ebro guarda silencio	321
El vito	323
En el portal de Belén	324
En que nos parecemos	325
Então porque não, porque não	192
Eres alta y delgada	325
Errore di prospettiva	266
Está o nosso olhar voltado para o Senhor	62
Este é o dia do Senhor	61
Estranha forma de vida	193
Eu ouvi um passarinho	194
Eu sou o Pão da Vida	63
Eu sou o Pão Vivo	64
Eu te ofereço	65
Eu vim para que tenham vida	65
Exaudi Domine	66
Facing west	361
Favola	267
Faz, ó Deus	67
Feliz és Tu	68
Fica mal com Deus	194
Flattire freeway	363
Foi Deus	195
Fonte de água viva	69
Forever young	364
Formamos um só Corpo	70
Foste, foste	196
Freedom	365
Gaudete	71
Giesù, sommo conforto	71
Give me Jesus	366
Gloria	73
Glory Hallelujah	367
Go down Moses	368
Go tell it on the mountain	369
Gracias a la vida	326
Grão de trigo	74
Grazie, Signore	269
Guardai-me junto de vós	74
Haja o que houver	197
Hero	370
Hino da redenção	75
Ho un amico	270
Homeward Bound	371
Hoy cantaré	328
I cieli	271
I still haven't found	373
I wonder	374
Il disegno	272
Il giovane ricco	273
Il mio volto	274
Il mistero	275
Il monologo di Giuda	276
Il nostro cuore	277
Il pane	278
Il popolo canta la sua liberazione	279
Il seme	280
Il testamento del capitano	281
In questa notte splendida	282
Inno delle scolte d'Assisi	283
Io non sono degno	284
Já deixei o Alentejo	197
Jesu dulcis memoria	76
Jesu tibi vivo	77
Jesu! Rex admirabilis	77
Jesus Cristo ontem e hoje	78
Joshua fought the battle of Jericho	375
Junto de Ti	79
L'iniziativa	285
L'opera	286
La ballata del potere	289
La ceseta de transaqua	290
La guerra	291
La rivista dell'armamento	293
La serenata del soldato	294
La strada	295
La traccia	296
La Virgen de Guadalupe	329
Lágrima	198
Lasciati fare	296
Lauda, Sion, Salvatorem	79
Laude novella	80
Lela	330
Liberazione nº 2	297
Long time traveler	376
Luntane, cchiù luntane	298
L'uomo cattivo	287
Luz terna	81
Luz terna (hino)	82
Ma non avere paura	299
Magnificat	83
Malmequer de Santarém	199
Manto de Açucenas	200
Maravilhas	84
Mare di Grazia	300
Maria Isabel	331
Marta, Marta	301
Matérias do Coração	201
Matir' nieba i zimli	414
Mattone su mattone	303
Menina das tranças pretas	202
Menina estás à janela	203
Meu coração e os olhos	204
Meu São Bendito	204
Mi prende per la mano	85
Mi sei scoppiato dentro al cuore	304
Minha Luz	205
Miserere	86
Mo ghile mear	377
My Father sings to Me	379
My Lord, what a morning	380
My Song is Love Unknown	381
Na sua dor os homens encontraram	86
Não quero que vás à monda	206
Natal de Elvas	207
Nazareth Morning	382
Negra Sombra	332
Nella tua pace	305
New Creation	384
Nitida Stella	87
Noite feliz	89
Non c'è nessuno	306
Non Nobis	89
Non son sincera	307
Nós não sabemos quem era	207
Nossa Senhora do Carmo	90
Nossa Senhora, Mãe de Jesus	90
Novo coração	91
O amor de Deus repousa em mim	92
O bom pastor	92
O bone Jesu	93
O cor' soave	94
O corpo de Jesus é alimento	94
O Desígnio	208
O dolce casa mia	96
O dolcezza	97
Ó ferreiro, guarda a filha	209
O filii et filiae	98
Ó grande alegria	100
O Jesu mi dulcissime	101
Ó luar da meia-noite	210
O menino está dormindo	211
O pão	211
O pão que o teu amor nos dá	101
O quam amabilis	102
Ó rama, ó que linda rama	212
O Rouxinol	213
O sanctissima	103
O Senhor é a minha força	104
O spes mea cara	104
O Templo de Deus	105
Ó verdadeiro corpo do Senhor	106
Ognun m'entenda	106
Oh! doux pays de Chanaan	416
Ojos de cielo	332
Olhei para o céu	213
Omne homo ad alta voce	107
Omni die	108
Onde há caridade e amor	109
Only our rivers run free	386
Ora so	309
Os Céus	215
Os crocodilos	214
Os nossos rogos aceite	110
Os olhos da Marianita	216
Os que semeiam em lágrimas	110
Over in the glory land	387
Padre	309
Pai nosso	111
Panis angelicus	112
Para que quero eu olhos	216
Parce Domine	112
Pater mi	114
Pavão	217
Pelo toque da viola	218
Perdoa-me Senhor	114
Pod Tvoju milost'	115
Podes vir	218
Polorum Regina	116
Por dentro de um abraço	219
Povera voce	311
Povo teu somos, ó Senhor	117
Preghiera a Maria	312
Prosternimus preces	118
Puer natus	119
Quais quais	220
Quando (já nada é intacto)	221
Quando uno ha il cuore buono	313
Que este vinho e este pão	120
Quem comer deste pão	121
Quem me ensinou a nadar	222
Quinta Feira da Ascenção	223
Rainha da Paz	224
Razón de Vivir	334
Regina Caeli	122
Reina de la Paz	335
Resce la Lune	314
Restolho	224
Rio Mira vai cheio	226
Rock my soul	388
Romagna mia	315
Romaria	226
Romaria Das Festas de Santa Eufémia	227
Rorate caeli desuper	122
Rosa das rosas	124
Saboreai e vede como é bom o Senhor!	125
Salelaka Mokonzi	417
Salve caput cruentatum	126
Salve Regina	129
Salve, Mater misericordiae	127
Salve, nobre Padroeira	129
Sanctus	130
Santa Bárbara	336
Santa Maria, Mãe de Deus	131
Santa Maria, strela do dia	131
Se il signore non costruisce la città	316
Se me envolve a noite escura	133
Se o Senhor não constrói a cidade	228
Seigneur où es-Tu	418
Senhor, Nosso Deus	134
Senhor, Senhor, salvai-nos	135
Senhora nossa	136
Senhora, nós Vos louvamos	137
Senhora, um dia descestes	137
Senta-te Aí	229
Ser poeta	230
Serrana mia	337
Settle down	389
Sevillanas del adiós	338
Shosholoza	419
Si Dieu ne nous aimait pas	420
Si no te tuviera a ti	340
Sigh no more	390
Signore delle cime	317
Singuingai	230
Siyahamba	421
Slip slidin' away	391
Sobre os braços da azinheira	138
Sol ponte, sol que morre	231
Sou feliz, Senhor	139
Stabat Mater	140
Stava a' pie' della croce	143
Sub tuum praesidium	144
Sul pajon	318
Swing low, sweet chariot	393
Tantum ergo	145
Te adoro, Redentor	145
Te Deum	146
Teach me to know	394
Tenho pena lindo amor	232
Tenho um amor em Viana	233
The cave	395
The fields on Athenry	398
The foggy dew	400
The things that I see	402
The wild rover	403
The wind in the willows	404
Timoneiro	234
Tinta verde	235
Toda a nossa glória	148
Todo Cambia	341
Todos me querem	236
Toma toda a minha vida	149
Tomai e recebei	150
Tomai, Senhor e recebei	150
Trago Alentejo na voz	236
Tu és um Deus fiel	151
Tu mi guardi dalla croce	151
Tu sei un Dio fedele	152
Ubi caritas et amor	153
Uma estrela se foi pôr	238
Valsa do vai não vás	239
Vamos confiantes	153
Vamos lá saindo	240
Vamos todos	154
Veneremos adoremos	155
Veni Creator Spiritus	155
Veni Sancte Spiritus	156
Veni, veni Emmanuel	158
Venite a laudare	159
Vent fin	422
Vento	240
Verdes são os campos	241
Verei a bondade do Senhor	159
Vero amor è Gesù	160
Victimae Paschali	160
Viecerni Svon	422
Vieni, Signore Gesù	161
Vieux pèlerin	423
Vinde à presença do Senhor	164
Vinde e contemplai	163
Vinde, Senhor	165
Vitória! Tu reinarás!	165
Viva la companì	242
Voi ch'amate lo Criatore	166
Vós que fostes baptizados	167
Vós sereis meus amigos	168
Vou-me embora, vou partir	243
Vuestra soy	169
Vuestra soy pues me criasteis	169
When the Saints	406
Where are you going	407
Will ye go, lassie, go?	409
You	410
Zachée	424
